slot_id,route,purpose,intended_local_path,current_placeholder_url,width,height,aspect,alt_text,brief
"home-hero","/","Homepage hero background (dark overlay applied)","assets/img/home-hero.jpg","https://images.unsplash.com/photo-1503387762-592deb58ef4e?auto=format&fit=crop&w=1800&q=80","1800","1000","1.80:1","(decorative — leave alt empty)","PREFERRED: Dr. Vincent on campus or in the structures laboratory, wide shot with space on the left for the headline. Landscape, shot slightly underexposed so white type sits over it. Avoid posed group photos."
"home-journey","/","One Journey / Many Dimensions section image","assets/img/home-journey.jpg","https://images.unsplash.com/photo-1532094349884-543bc11b234d?auto=format&fit=crop&w=1400&q=80","1400","1000","1.40:1","Dr. Vincent Sam Jebadurai at work in the Division of Civil Engineering, Karunya Institute of Technology and Sciences","Dr. Vincent teaching, reviewing drawings, or talking with students. Candid rather than posed. Portrait or square crops badly here — supply landscape."
"home-structures","/","From Building Structures to Building Lives editorial band","assets/img/home-structures.jpg","https://images.unsplash.com/photo-1541888946425-d81bb19240f5?auto=format&fit=crop&w=1400&q=80","1400","1000","1.40:1","Reinforced concrete frame under construction","A real structure mid-construction — reinforcement visible, frame not yet clad. Site photography from a project he has been involved with is ideal."
"about-portrait","/about/","About page portrait — highest priority replacement","assets/img/about-portrait.jpg","https://images.unsplash.com/photo-1507692049790-de58290a4334?auto=format&fit=crop&w=1000&q=80","1000","1250","0.80:1","Portrait of Dr. Vincent Sam Jebadurai","ESSENTIAL: a proper portrait of Dr. Vincent. Vertical 4:5, head and shoulders to mid-torso, plain or softly blurred background, natural light. This is the single most important image on the site — the stock placeholder should not ship to production."
"academia-teaching","/academia/","Academia page feature","assets/img/academia-teaching.jpg","https://images.unsplash.com/photo-1517646287270-1c5e7e2b4b5b?auto=format&fit=crop&w=1400&q=80","1400","1000","1.40:1","Teaching a structural engineering class","Dr. Vincent teaching — lecture hall, whiteboard or laboratory demonstration, students visible from behind. Obtain consent for any identifiable students."
"research-lab","/research/","Research page feature","assets/img/research-lab.jpg","https://images.unsplash.com/photo-1541888946425-d81bb19240f5?auto=format&fit=crop&w=1400&q=80","1400","1000","1.40:1","Structural testing in the laboratory","The structures lab: a wall panel or frame specimen in the loading rig, instrumentation visible. Photographs from the cyclic-loading tests would be strongest."
"innovation-printing","/innovation/","Innovation page feature","assets/img/innovation-printing.jpg","https://images.unsplash.com/photo-1558346490-a72e53ae2d4f?auto=format&fit=crop&w=1400&q=80","1400","1000","1.40:1","Concrete 3D printing equipment","The 3D concrete printing setup or the TriFusion prototype — nozzle, printed layers, or the multi-arm rig. Real project photography strongly preferred over stock."
"projects-prototype","/projects/","Projects page feature","assets/img/projects-prototype.jpg","https://images.unsplash.com/photo-1559027615-cd4628902d4a?auto=format&fit=crop&w=1400&q=80","1400","1000","1.40:1","Multi-arm 3D printing prototype under development","Work in progress on the KSRG multi-arm printing prototype, including the 2 ft x 2 ft working model once built."
"leadership-institution","/leadership/","Leadership page feature","assets/img/leadership-institution.jpg","https://images.unsplash.com/photo-1521737711867-e3b97375f902?auto=format&fit=crop&w=1400&q=80","1400","1000","1.40:1","Institutional quality assurance and accreditation work at Karunya Institute of Technology and Sciences","IQAC or accreditation context — a review meeting, the NAAC A++ announcement, or campus architecture. Avoid generic handshake stock."
"institution-relations-mindspark","/institution-relations/","MINDSPARK case study image","assets/img/institution-relations-mindspark.jpg","https://images.unsplash.com/photo-1504307651254-35680f356dfd?auto=format&fit=crop&w=1400&q=80","1400","1000","1.40:1","School students taking part in MINDSPARK: Flag Hunters","MINDSPARK: Flag Hunters — screenshots of the online hackathon interface, or participating school students. Secure parental consent for any identifiable minors before publishing."
"speaking-session","/speaking/","Speaking page feature","assets/img/speaking-session.jpg","https://images.unsplash.com/photo-1475721027785-f74eccf877e2?auto=format&fit=crop&w=1400&q=80","1400","1000","1.40:1","Delivering a technical session","Dr. Vincent presenting — webinar screen capture, or at a lectern with a slide visible. The UltraTech and Indian Concrete Institute webinars are the documented engagements."
"ministry-service","/ministry/","Ministry page feature","assets/img/ministry-service.jpg","https://images.unsplash.com/photo-1451187580459-43490279c0fa?auto=format&fit=crop&w=1400&q=80","1400","1000","1.40:1","(decorative — leave alt empty)","Restrained and non-literal — light, an open book, a quiet interior. Avoid overtly devotional stock imagery; the page is written in a reflective register, not a promotional one."
"service-community","/service/","Service page feature","assets/img/service-community.jpg","https://images.unsplash.com/photo-1451187580459-43490279c0fa?auto=format&fit=crop&w=1400&q=80","1400","1000","1.40:1","Community and outreach work","Outreach or community engagement Dr. Vincent has actually taken part in. If no photograph exists, tell us and this slot will be replaced with a non-photographic treatment."
"social-card","*","Default Open Graph / Twitter card image for all routes","assets/img/social-card.jpg","https://images.unsplash.com/photo-1503387762-592deb58ef4e?auto=format&fit=crop&w=1200&q=80","1200","630","1.90:1","Dr. Vincent Sam Jebadurai — Building Knowledge. Inspiring People. Serving with Purpose.","A 1200x630 card combining the portrait with the name and the tagline. This is what appears when the site is shared on WhatsApp, LinkedIn or X — currently a stock photo, which looks wrong in a share preview."
